employee_id,employee_name,employee_mail,employee_dob,employee_mobile,employee_address,employee_gender
1,Allx Puden,apuden0@usatoday.com,6/5/1992,554-188-1458,343 Dunning Place,Male
2,Orson Blinman,oblinman1@ed.gov,8/13/1980,836-105-2848,22 Granby Circle,Male
3,Bibi Broadwell,bbroadwell2@pagesperso-orange.fr,6/21/1994,883-145-3893,5886 Hanson Road,Male
4,Noni Ramalhete,nramalhete3@ning.com,1/5/1976,468-743-9040,8696 Grover Park,Female
5,Quintina McCaskill,qmccaskill4@ycombinator.com,3/18/1987,216-161-6842,6 Randy Junction,Male
6,Ed Emeline,eemeline5@goo.ne.jp,7/29/1973,478-608-7201,68 6th Road,Female
7,Glynn Bolingbroke,gbolingbroke6@spiegel.de,12/22/1984,101-956-3183,2 Elka Road,Male
8,Dulsea Stollenberg,dstollenberg7@globo.com,8/3/1996,780-413-2317,0 Dovetail Way,Female
9,Hubey Vallery,hvallery8@seesaa.net,7/12/1972,147-552-9111,6990 Reinke Hill,Male
10,Donovan Gloyens,dgloyens9@mit.edu,11/3/1987,723-132-4117,426 Hovde Trail,Male
11,Nicoline Bermingham,nberminghama@abc.net.au,10/6/1982,781-516-3706,1 Dahle Alley,Male
12,Marcel Churchward,mchurchwardb@mapy.cz,9/4/1981,887-134-8478,7844 Melvin Plaza,Male
13,Quill Scales,qscalesc@fc2.com,5/23/1992,739-513-0339,2 Welch Junction,Male
14,Ripley Inman,rinmand@artisteer.com,12/8/1972,978-214-5337,104 Ramsey Park,Female
15,Loni Kaming,lkaminge@flickr.com,10/29/1974,361-715-9096,6326 Alpine Parkway,Male
16,Chelsae Sexon,csexonf@time.com,7/9/1992,399-923-4622,4594 Anderson Junction,Female
17,Harvey Grioli,hgriolig@xinhuanet.com,4/19/1973,417-241-1766,7 Clove Way,Female
18,Claiborn McCarver,cmccarverh@xrea.com,4/10/1990,492-119-4422,8 Loeprich Street,Male
19,Mark Spriggs,mspriggsi@webeden.co.uk,6/25/1984,292-744-9356,373 Bunting Pass,Male
20,Stephannie Sargerson,ssargersonj@epa.gov,4/2/1992,789-314-6318,89 Oneill Hill,Female
